id;plan_time;created_by;created_date;last_modified_by;last_modified_date
1;HDD Proactive;connecting Motorway national;2023-04-13T06:51:57;Consultant monitor Isle;2023-04-12T19:03:17
2;Chief copying transmitting;Account AGP monitor;2023-04-12T08:46:45;View Generic metrics;2023-04-12T19:09:17
3;Street Communications;Ethiopian;2023-04-13T05:54:31;Glen Health;2023-04-13T07:32:42
4;infomediaries purple;circuit;2023-04-12T23:36:24;Table Wisconsin withdrawal;2023-04-12T13:02:31
5;circuit users Interactions;Car;2023-04-13T02:58:57;Group Centers red;2023-04-12T18:33:43
6;Bedfordshire;actuating connecting;2023-04-12T23:47:30;Frozen program Chair;2023-04-12T12:05:19
7;Intelligent TCP grey;Fresh;2023-04-13T01:16:29;Account architectures;2023-04-13T03:44:44
8;Turnpike;content-based;2023-04-13T05:14:01;composite payment Fantastic;2023-04-13T06:48:35
9;cutting-edge;yellow;2023-04-12T10:31:38;Home redundant;2023-04-12T12:46:50
10;benchmark hack;Borders Greenland;2023-04-12T08:02:36;Personal Louisiana PCI;2023-04-12T14:37:08
