id;name;content;resource_type;data_type;show_time;start_time;end_time;data_path;cover_pic_path;data_size;data_md;data_suffix;remark;created_by;created_date;last_modified_by;last_modified_date
1;Germany generate;Web Checking;Toys;IMAGE;6649;2023-04-13T02:39:57;2023-04-12T09:04:18;Valley mobile;Account Response Usability;Metal Practical;program;human-resource;violet;cross-platform;2023-04-13T00:31:00;neutral Intelligent wireless;2023-04-12T20:04:33
2;alarm Naira;Fantastic Infrastructure;up orchid Generic;PDF;61687;2023-04-12T16:26:02;2023-04-12T16:13:13;Associate Borders;Home hack paradigm;Games Georgia;input PNG yellow;black;Technician strategize;Crescent;2023-04-12T14:39:40;Shoes initiative;2023-04-12T08:08:48
3;Movies;mobile Horizontal Cheese;Tools;IMAGE;29509;2023-04-13T06:15:28;2023-04-12T20:25:41;invoice Generic;Oklahoma Kroon;Buckinghamshire;Bacon system unleash;bypassing Delaware;Sports;Somalia Assurance programming;2023-04-12T16:25:12;Crossing;2023-04-12T17:54:57
4;maroon Legacy hack;Brunei synergistic quantify;Jersey;VEDIO_STREAM;46040;2023-04-12T20:28:29;2023-04-13T05:23:01;Jamahiriya;Wisconsin;ADP Investment;Metal;turn-key parsing;calculating Fresh Chief;Metal optical Graphic;2023-04-12T18:54:39;JSON microchip;2023-04-13T06:38:30
5;Account Response invoice;Handcrafted world-class;Refined Vietnam;VEDIO;36463;2023-04-13T01:19:47;2023-04-13T05:17:43;Division Dynamic seize;invoice;SCSI Buckinghamshire;Parkway;Architect Director;Shoes end-to-end;Jewelery Minnesota leverage;2023-04-13T05:02:10;International generate;2023-04-12T10:45:53
6;parse;navigating Unbranded transmitting;Kenyan;VEDIO_STREAM;7725;2023-04-12T13:55:06;2023-04-13T00:17:47;disintermediate;generating extend card;Designer Marketing;payment Incredible;Soft Identity;Shoes Malta Forward;Agent black;2023-04-13T00:49:16;Brand;2023-04-12T18:10:17
7;explicit;Lane Lead;Ergonomic payment;VEDIO;60646;2023-04-12T08:30:00;2023-04-12T09:40:51;Concrete models;Borders;Credit;override challenge;mindshare transform;Implementation Rubber;parsing Regional;2023-04-12T22:03:28;Martinique;2023-04-12T11:02:58
8;integrate;Dollar Frozen;Sausages;VEDIO_STREAM;70740;2023-04-12T22:12:02;2023-04-12T21:41:29;Towels;Awesome extend index;deposit azure Accoun;copying Open-architected;overriding Regional;HDD compressing Dollar;invoice;2023-04-12T10:06:16;SSL District;2023-04-13T04:56:15
9;Concrete Granite;platforms;Borders;TXT_ROLL;32886;2023-04-12T18:59:15;2023-04-13T02:58:05;gold Movies;Shoes programming Caribbean;moderator 24/7;drive deposit parsing;Kwanza innovative;Planner Research;Regional;2023-04-12T17:06:40;array hacking overriding;2023-04-12T23:46:06
10;IB quantify efficient;Principal;Tasty productize;PDF;47395;2023-04-12T19:56:23;2023-04-13T00:10:22;Bacon;Saint Myanmar complexity;Hat;Music;Grass-roots facilita;South interface Avon;THX;2023-04-13T05:43:22;Ergonomic Mauritius primary;2023-04-13T02:37:11
