id;resource_id;name;content;resource_type;data_type;show_time;data_path;cover_pic_path;data_size;data_md;data_suffix;remark;plan_time;created_by;created_date;last_modified_by;last_modified_date
1;JSON Sleek;Account;Buckinghamshire;exuding Palladium;PDF;56319;Principal Towels Handmade;array capability Buckinghamshire;Checking platforms;Liaison;Sleek;Maine Chair plum;Tools TCP transparent;Chicken;2023-04-12T20:50:44;Chair full-range;2023-04-12T11:07:45
2;high-level Generic;e-services;SDD Account Road;grey;PDF;56889;Self-enabling;optical compress;up;system;Product;Rubber visualize;architecture Health Malagasy;Chicken payment;2023-04-12T12:09:58;24/365 framework maroon;2023-04-13T01:29:35
3;Fords Tasty enterprise;Pants Rustic;bleeding-edge Soft overriding;Forward Cloned Computer;URL_HTTP;68050;redundant alarm;Rustic;Sports;HTTP Ireland quantifying;Kroon Garden withdra;repurpose Awesome;sensor Bacon;monitor Practical;2023-04-12T13:39:19;South Nigeria Product;2023-04-12T20:35:38
4;Omani National reboot;Gorgeous;viral;Shore;URL_HTTP;23776;system;Garden;Security generate mo;orchid Lempira Product;aggregate Web;Somali;programming;multi-state;2023-04-12T17:32:59;Gloves Soap mesh;2023-04-13T02:03:55
5;Fantastic;Games;deposit Realigned impactful;turquoise Metal;TXT_ROLL;72335;Sports Trail;New Plastic;New grey;New Leone;Bedfordshire primary;to;frictionless RAM Salad;Concrete Loan;2023-04-12T21:04:14;compress Cambridgeshire;2023-04-13T06:12:42
6;convergence Coves mobile;Customer-focused Product Unbranded;Dollar);SDD;TXT_ROLL;49498;matrices Borders;applications program Sleek;Loan;Outdoors;overriding reinterme;transform Cotton array;yellow;Architect;2023-04-13T07:01:43;Tasty;2023-04-12T18:51:00
7;Account;parse Mouse;invoice bandwidth JSON;Pizza;PDF;37998;Mobility;circuit;compressing Corporat;system;invoice (Malvinas);Division Cheese Small;Avon Consultant;Direct;2023-04-12T15:27:19;encryption;2023-04-12T15:05:04
8;Sausages;open-source Guinea;EXE;California Soft;VEDIO;47491;calculating;Books;Pants;Configuration Connecticut;Metal Books;Representative e-markets Loan;Colon;strategize Pants;2023-04-13T01:20:32;invoice Chief connecting;2023-04-12T16:47:14
9;compress;violet Operative;24/365;Kina Web Graphic;PDF;72587;policy Garden;set Wyoming HTTP;Wooden content-based;grow Movies;Metal Books;circuit Representative Avon;Louisiana sexy back-end;matrices Cross-group deposit;2023-04-13T01:52:35;Metal;2023-04-12T10:12:40
10;Ergonomic sensor;Plastic;Branding Outdoors Robust;purple;TXT_ROLL;56426;encryption implement Table;Specialist redundant;Generic;Wall;Berkshire;Aruban;Courts Account Tuna;Carolina;2023-04-12T13:01:19;Guinea;2023-04-12T19:13:21
